{
  "best_lr": 0.0017524101118128151,
  "best_val_f1_macro": 0.6367088593819582
}