{
  "num_runs": 10,
  "learning_rate_used": 0.0017524101118128151,
  "max_epochs": 80,
  "patience": 10,
  "seeds": [
    11,
    22,
    33,
    44,
    55,
    66,
    77,
    88,
    99,
    1234
  ],
  "test_accuracy_mean": 0.9605092041395732,
  "test_accuracy_std": 0.009547774667079444,
  "test_f1_macro_mean": 0.6005295116116712,
  "test_f1_macro_std": 0.019967020552200412
}