{
  "train_loss": [
    2.5183803312456323,
    1.2737573039755714,
    0.9672590015505612,
    0.7687410863514281,
    0.7007474140679447,
    0.7374700655317578,
    0.569546138948997,
    0.496573201713519,
    0.49513756708999507,
    0.4306923055125925,
    0.4156867997257507,
    0.3424038542204827,
    0.4434389494759402,
    0.441347784755532,
    0.3200399886838307,
    0.27834015324216116,
    0.30350567147244667,
    0.2711528894130059,
    0.24274957316299145,
    0.19336723193442923,
    0.2431483790528469,
    0.18174760369784101,
    0.2815595654618482,
    0.20105595675530757,
    0.21735447224252605,
    0.21590159983817314
  ],
  "val_loss": [
    1.4429442345828558,
    1.3451267900413642,
    1.0858916814581183,
    1.4206883920200886,
    1.1635871611188233,
    0.8080696146701519,
    0.822654738958114,
    0.8560605484199716,
    0.6727306373128743,
    0.6061470526698658,
    0.6406249418091846,
    0.6134157182751301,
    0.8105259497574653,
    0.6373285620037218,
    0.5770776947346654,
    0.5578328550205812,
    0.38139381144157924,
    0.5604743165556727,
    0.503165081444978,
    0.5299185563906808,
    0.7603531343856785,
    0.7976595389994742,
    0.8790709778430403,
    0.849168213342439,
    0.9484646479194118,
    0.8101718217770426
  ],
  "val_acc": [
    0.4433098269072259,
    0.6714900631926001,
    0.8902829929480721,
    0.9080959794853009,
    0.9121256525322832,
    0.8988460481729096,
    0.9271911347192966,
    0.9499038373477424,
    0.9316787251579814,
    0.9330982690722593,
    0.931953475593003,
    0.962450773880392,
    0.9585584760509204,
    0.9567725982232805,
    0.9385932777726899,
    0.9511402143053393,
    0.9562688890924077,
    0.9600238117043686,
    0.95668101474494,
    0.9613059804011357,
    0.9565436395274293,
    0.9575968495283451,
    0.9521476325670849,
    0.9511402143053393,
    0.9464236651708032,
    0.9672131147540983
  ],
  "val_f1": [
    0.3111150181763199,
    0.35398643795877477,
    0.43608222248999085,
    0.4300482240365763,
    0.4689103729353981,
    0.45860999604552527,
    0.4966715566466969,
    0.5479182193803869,
    0.47102492772531096,
    0.4852853933648447,
    0.5151569449176678,
    0.5887585607841087,
    0.5606104139921195,
    0.5202774535656512,
    0.5786216908293794,
    0.5850801951007454,
    0.5583440020882214,
    0.6060923697386716,
    0.577610947423506,
    0.6278024623192952,
    0.5994204950028519,
    0.5958709359939024,
    0.5770690221181891,
    0.5896612902244138,
    0.5974403637569524,
    0.5896262734267872
  ]
}