{
  "accuracy_test": 0.9594743108343254,
  "f1_macro_test": 0.5531808360978816,
  "total_classes_mapped": 23,
  "classes_present_in_test": 22,
  "classes_present": [
    "0",
    "1",
    "10",
    "11",
    "12",
    "14",
    "15",
    "16",
    "17",
    "18",
    "19",
    "2",
    "20",
    "21",
    "22",
    "3",
    "4",
    "5",
    "6",
    "7",
    "8",
    "9"
  ],
  "missing_classes": [
    "13"
  ]
}